{
    "web": {
      "client_id": "503068168133-trf8dcnd493m5pbognu2krq3o0l76a34.apps.googleusercontent.com",
      "project_id": "your-project-id",
      "auth_uri": "https://accounts.google.com/o/oauth2/auth",
      "token_uri": "https://oauth2.googleapis.com/token",
      "auth_provider_x509_cert_url": "https://www.googleapis.com/oauth2/v1/certs",
      "client_secret": "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",
      "redirect_uris": [
        "http://127.0.0.1:5000/login/callback"
      ],
      "javascript_origins": [
        "http://127.0.0.1:5000"
      ]
    }
  }
  